Row,1,2,3,4,5,6,7,8,9,10,11,12
A,IPRODION,DMSO,MANCOZEB,FIPRONIL,METHOMYL,ATRAZINE,PROPANIL,CHLORMEQUAT CHLORIDE,CYANTRANILIPROLE,DIMETHOATE,IMAZAMOX,DMSO
B,SULFUR,IMIDACLOPRID,CHLORPROPHAM,CYPERMETHRIN (MIXTURE OF ISOMERS),DINOCAP (MIXTURE OF ISOMERS),ABAMECTIN,METALAXYL-M,AZOXYSTROBIN,SAFLUFENACIL,DMSO,EPOXICONAZOLE,PROPAMOCARB
C,BOSCALID,empty,DITHIANON,METSULFURON-METHYL,DMSO,PENCONAZOL,SPIROMESIFEN,FENPYROXIMATE,PENTHIOPYRAD,LAMBDA-CYHALOTHRIN,GLYPHOSATE,PROTHIOCONAZOLE
D,DMSO,NICOSULFURON,FLUTRIAFOL,EMAMECTIN BENZOATE,THIACLOPRID,QUINOXYFEN,DMSO,CARBARYL,THIAMETHOXAM,HALOXYFOP,FENHEXAMID,BENTAZON
E,THIOPHANATE-METHYL,HEXYTHIAZOX,FOMESAFEN,FLUXAPYROXAD,FENOBUCARB,FLUAZINAM,CHLORPYRIPHOS-METHYL,DMSO,DIFLUBENZURON,METHOXYFENOZIDE,FORMETANATE HYDROCHLORIDE,PROMETRYN
F,2-HYDROXYBIPHENYL,DICHLOROPHEN,CHLOROTHALONIL,DMSO,AMITRAZ; NSC 324552,PROSULFOCARB,BROMOXYNIL,PROFENOFOS,FLUFENACET,FLUDIOXONIL,DIAZINON,METAMITRON
G,PIRIMICARB,CYMOXANIL,PYRIMETHANIL,IMAZETHAPYR,"2,4-D; 2,4-DICHLOROPHENOXYACETIC ACID",CYHALOFOP-BUTYL,DODIN,ACEPHATE,CLOMAZONE,CHLORDECON; KEPONE,CLOPYRALID ,DMSO
H,MYCLOBUTANIL,DMSO,FENTHION,SPIRODICLOFEN,MEPIQUAT CHLORIDE,METHAMIDOPHOS,FLUOPYRAM,MGK 264 (MIXTURE OF ISOMERS),BENOXACOR,IPROVALICARB,MONOCROTOPHOS,DMSO
